Bin_Number,M_Value,Prob_Value,Zero_One_Loss_Avg,P_Macro_Avg,Average
11,11,0.0009090909090909091,0.897700845665962,0.8944859816760392,0.8960934136710006
11,12,0.0008333333333333334,0.897700845665962,0.8944859816760392,0.8960934136710006
12,11,0.0009090909090909091,0.897700845665962,0.8944859816760392,0.8960934136710006
12,12,0.0008333333333333334,0.897700845665962,0.8944859816760392,0.8960934136710006
