Bin_Number,M_Value,Prob_Value,Zero_One_Loss_Avg,P_Macro_Avg,Average
3,1,0.01,0.8919661733615222,0.8878235103389903,0.8898948418502562
3,2,0.005,0.8931289640591966,0.8891912003974698,0.8911600822283332
4,1,0.01,0.8919661733615222,0.8878235103389903,0.8898948418502562
4,2,0.005,0.8931289640591966,0.8891912003974698,0.8911600822283332
