Bin_Number,Zero_One_Loss_Avg,P_Macro_Avg,Average
5,0.8965116279069768,0.8921230360004084,0.8943173319536926
6,0.8965116279069768,0.8921230360004084,0.8943173319536926
7,0.8965116279069768,0.8921230360004084,0.8943173319536926
