Bin_Number,M_Value,Prob_Value,Zero_One_Loss_Avg,P_Macro_Avg,Average
1,1,0.01,0.8965380549682875,0.8936169823266145,0.895077518647451
1,2,0.005,0.897700845665962,0.894984672385094,0.896342759025528
1,3,0.0033333333333333335,0.897700845665962,0.894984672385094,0.896342759025528
2,1,0.01,0.8965380549682875,0.8936169823266145,0.895077518647451
2,2,0.005,0.897700845665962,0.894984672385094,0.896342759025528
2,3,0.0033333333333333335,0.897700845665962,0.894984672385094,0.896342759025528
3,1,0.01,0.8965380549682875,0.8936169823266145,0.895077518647451
3,2,0.005,0.897700845665962,0.894984672385094,0.896342759025528
3,3,0.0033333333333333335,0.897700845665962,0.894984672385094,0.896342759025528
