Bin_Number,Zero_One_Loss_Avg,P_Macro_Avg,Average
5,0.8919133192389006,0.887816026468907,0.8898646728539038
6,0.8919133192389006,0.887816026468907,0.8898646728539038
7,0.8919133192389006,0.887816026468907,0.8898646728539038
