Bin_Number,M_Value,Prob_Value,Average
1,1,0.01,0.39687057619325833
1,2,0.005,0.3971236242688737
1,3,0.0033333333333333335,0.3971236242688737
2,1,0.01,0.6932787702110417
2,2,0.005,0.6915436787458861
2,3,0.0033333333333333335,0.6914761918045601
3,1,0.01,0.8259643474282704
3,2,0.005,0.8259793002657906
3,3,0.0033333333333333335,0.8283923376114904
