Bin_Number,M_Value,Prob_Value,Average
5,1,0.01,0.8401076986198925
5,2,0.005,0.8404486383772556
5,3,0.0033333333333333335,0.8353811780597953
6,1,0.01,0.8266271918647232
6,2,0.005,0.8258266685117672
6,3,0.0033333333333333335,0.8229592234568222
7,1,0.01,0.8227582081677094
7,2,0.005,0.8224173917744604
7,3,0.0033333333333333335,0.8244160320231005
