Bin_Number,M_Value,Prob_Value,Average
11,11,0.0009090909090909091,0.8582727431938372
11,12,0.0008333333333333334,0.8536257374218312
12,11,0.0009090909090909091,0.8402377672793697
12,12,0.0008333333333333334,0.8395234815650842
