Bin_Number,Average
5,0.84753853870113
6,0.8351036205434414
7,0.8315681136393828
