Bin_Number,Average
5,0.8461931106619476
6,0.8243587586051515
7,0.8212510460432025
