Bin_Number,M_Value,Prob_Value,Average
11,11,0.0009090909090909091,0.8582727431938372
