Bin_Number,M_Value,Prob_Value,Average
3,3,0.0033333333333333335,0.8283923376114904
