Bin_Number,Zero_One_Loss_Avg,P_Macro_Avg,Average
5,0.9578053830227743,0.949252077744594,0.9535287303836841
6,0.9562939958592132,0.9467810346387834,0.9515375152489982
7,0.9634989648033127,0.9550152399303109,0.9592571023668117
