Bin_Number,M_Value,Prob_Value,Zero_One_Loss_Avg,P_Macro_Avg,Average
11,11,0.0009090909090909091,0.9606418219461699,0.9491926831941004,0.9549172525701352
11,12,0.0008333333333333334,0.9606418219461699,0.9491926831941004,0.9549172525701352
12,11,0.0009090909090909091,0.9699482401656315,0.9602958159642764,0.965122028064954
12,12,0.0008333333333333334,0.9699482401656315,0.9602958159642764,0.965122028064954
