Bin_Number,M_Value,Prob_Value,Zero_One_Loss_Avg,P_Macro_Avg,Average
1,1,0.01,0.6549896480331263,0.6549896480331263,0.6549896480331263
1,2,0.005,0.6549896480331263,0.6549896480331263,0.6549896480331263
1,3,0.0033333333333333335,0.6549896480331263,0.6549896480331263,0.6549896480331263
2,1,0.01,0.9121325051759834,0.9173556189949915,0.9147440620854874
2,2,0.005,0.9121325051759834,0.9173556189949915,0.9147440620854874
2,3,0.0033333333333333335,0.9128467908902692,0.9179820141066808,0.9154144024984749
3,1,0.01,0.9563250517598343,0.9447886313268985,0.9505568415433664
3,2,0.005,0.9563250517598343,0.9447886313268985,0.9505568415433664
3,3,0.0033333333333333335,0.9570393374741201,0.9454936143848226,0.9512664759294713
