Bin_Number,M_Value,Prob_Value,Zero_One_Loss_Avg,P_Macro_Avg,Average
3,1,0.01,0.9591925465838509,0.9468353733684245,0.9530139599761377
3,2,0.005,0.9591925465838509,0.9468353733684245,0.9530139599761377
4,1,0.01,0.9236438923395445,0.9287127040849377,0.9261782982122411
4,2,0.005,0.9229296066252589,0.9279433853009131,0.9254364959630861
