Bin_Number,Zero_One_Loss_Avg,P_Macro_Avg,Average
5,0.9649482401656316,0.9572347589955612,0.9610914995805964
6,0.9706625258799173,0.9637027075924216,0.9671826167361695
7,0.9692339544513459,0.9633210372936155,0.9662774958724807
