Bin_Number,Zero_One_Loss_Avg,P_Macro_Avg,Average
5,0.9128571428571428,0.725,0.8189285714285715
6,0.9766666666666668,0.865,0.9208333333333334
7,0.9366666666666668,0.8518543956043956,0.8942605311355312
