Bin_Number,M_Value,Prob_Value,Zero_One_Loss_Avg,P_Macro_Avg,Average
3,1,0.01,0.9295238095238096,0.7066666666666667,0.8180952380952382
3,2,0.005,0.9295238095238096,0.7066666666666667,0.8180952380952382
4,1,0.01,0.8800000000000001,0.6694444444444445,0.7747222222222223
4,2,0.005,0.8800000000000001,0.6694444444444445,0.7747222222222223
