Bin_Number,Zero_One_Loss_Avg,P_Macro_Avg,Average
5,0.8719047619047618,0.6966666666666667,0.7842857142857143
6,0.8995238095238095,0.6966666666666665,0.798095238095238
7,0.9099999999999999,0.7416666666666666,0.8258333333333332
