Bin_Number,M_Value,Prob_Value,Zero_One_Loss_Avg,P_Macro_Avg,Average
11,11,0.0009090909090909091,0.9197619047619048,0.7586111111111111,0.839186507936508
11,12,0.0008333333333333334,0.9197619047619048,0.7586111111111111,0.839186507936508
12,11,0.0009090909090909091,0.9197619047619048,0.71,0.8148809523809524
12,12,0.0008333333333333334,0.9197619047619048,0.71,0.8148809523809524
