Bin_Number,M_Value,Prob_Value,Zero_One_Loss_Avg,P_Macro_Avg,Average
1,1,0.01,0.0,0.0,0.0
1,2,0.005,0.0,0.0,0.0
1,3,0.0033333333333333335,0.0,0.0,0.0
2,1,0.01,0.7266666666666667,0.6309523809523809,0.6788095238095238
2,2,0.005,0.7266666666666667,0.6309523809523809,0.6788095238095238
2,3,0.0033333333333333335,0.7266666666666667,0.6309523809523809,0.6788095238095238
3,1,0.01,0.9261904761904762,0.7066666666666667,0.8164285714285715
3,2,0.005,0.9261904761904762,0.7066666666666667,0.8164285714285715
3,3,0.0033333333333333335,0.9261904761904762,0.7066666666666667,0.8164285714285715
