Bin_Number,M_Value,Prob_Value,Zero_One_Loss_Avg,P_Macro_Avg,Average
1,1,0.01,0.014285714285714285,0.014285714285714285,0.014285714285714285
1,2,0.005,0.014285714285714285,0.014285714285714285,0.014285714285714285
1,3,0.0033333333333333335,0.014285714285714285,0.014285714285714285,0.014285714285714285
2,1,0.01,0.36233766233766235,0.376521164021164,0.36942941317941314
2,2,0.005,0.35075757575757577,0.3682198551935394,0.3594887154755576
2,3,0.0033333333333333335,0.34393939393939393,0.3730224867724868,0.35848094035594036
3,1,0.01,0.7292207792207792,0.6187968318231476,0.6740088055219634
3,2,0.005,0.7268398268398268,0.6187968318231476,0.6728183293314872
3,3,0.0033333333333333335,0.7292207792207792,0.6391269841269842,0.6841738816738817
