Bin_Number,Zero_One_Loss_Avg,P_Macro_Avg,Average
5,0.6933982683982685,0.572936507936508,0.6331673881673883
6,0.7501082251082252,0.5719845085470086,0.6610463668276169
7,0.7188311688311688,0.4829357411594254,0.600883454995297
