Bin_Number,Zero_One_Loss_Avg,P_Macro_Avg,Average
5,0.6722943722943724,0.6087019230769232,0.6404981476856477
6,0.7824675324675325,0.5960449660633484,0.6892562492654405
7,0.749025974025974,0.4996321733821734,0.6243290737040738
