Bin_Number,M_Value,Prob_Value,Zero_One_Loss_Avg,P_Macro_Avg,Average
11,11,0.0009090909090909091,0.7431818181818182,0.5549845987345987,0.6490832084582084
11,12,0.0008333333333333334,0.729112554112554,0.5225838050838051,0.6258481795981796
12,11,0.0009090909090909091,0.7528138528138528,0.5282043650793651,0.640509108946609
12,12,0.0008333333333333334,0.7456709956709957,0.5282043650793651,0.6369376803751804
