Bin_Number,M_Value,Prob_Value,Zero_One_Loss_Avg,P_Macro_Avg,Average
3,1,0.01,0.7338744588744588,0.6282799145299145,0.6810771867021866
3,2,0.005,0.7267316017316017,0.6282799145299145,0.6775057581307581
4,1,0.01,0.6406926406926406,0.48520736584107327,0.562950003266857
4,2,0.005,0.6406926406926406,0.4771371904024768,0.5589149155475588
