Bin_Number,M_Value,Prob_Value,Zero_One_Loss_Avg,P_Macro_Avg,Average
1,1,0.01,0.42000000000000004,0.42000000000000004,0.42000000000000004
1,2,0.005,0.42000000000000004,0.42000000000000004,0.42000000000000004
1,3,0.0033333333333333335,0.42000000000000004,0.42000000000000004,0.42000000000000004
2,1,0.01,0.63,0.5866666666666667,0.6083333333333334
2,2,0.005,0.63,0.5866666666666667,0.6083333333333334
2,3,0.0033333333333333335,0.63,0.5866666666666667,0.6083333333333334
3,1,0.01,0.795,0.7925,0.79375
3,2,0.005,0.795,0.7925,0.79375
3,3,0.0033333333333333335,0.795,0.7925,0.79375
