Bin_Number,Zero_One_Loss_Avg,P_Macro_Avg,Average
5,0.9600000000000002,0.9550000000000001,0.9575000000000001
6,0.8450000000000001,0.8083333333333333,0.8266666666666667
7,0.8400000000000001,0.8541666666666666,0.8470833333333334
