Bin_Number,Zero_One_Loss_Avg,P_Macro_Avg,Average
1,0.42000000000000004,0.42000000000000004,0.42000000000000004
2,0.67,0.6283333333333333,0.6491666666666667
3,0.805,0.8025,0.80375
4,0.7625,0.7875,0.7749999999999999
5,0.96,0.9550000000000001,0.9575
6,0.825,0.8041666666666666,0.8145833333333332
7,0.8300000000000001,0.8291666666666666,0.8295833333333333
8,0.8474999999999999,0.8541666666666666,0.8508333333333333
9,0.7550000000000001,0.7375,0.7462500000000001
10,0.9800000000000001,0.975,0.9775
