Bin_Number,Zero_One_Loss_Avg,P_Macro_Avg,Average
5,0.9600000000000002,0.9550000000000001,0.9575000000000001
6,0.825,0.8041666666666668,0.8145833333333334
7,0.8,0.8091666666666667,0.8045833333333334
