Bin_Number,M_Value,Prob_Value,Zero_One_Loss_Avg,P_Macro_Avg,Average
3,1,0.01,0.7849999999999999,0.7675,0.7762499999999999
3,2,0.005,0.7849999999999999,0.7675,0.7762499999999999
4,1,0.01,0.7825,0.7895833333333333,0.7860416666666666
4,2,0.005,0.7825,0.7895833333333333,0.7860416666666666
