Bin_Number,M_Value,Prob_Value,Zero_One_Loss_Avg,P_Macro_Avg,Average
11,11,0.0009090909090909091,0.95,0.9541666666666666,0.9520833333333333
11,12,0.0008333333333333334,0.95,0.9541666666666666,0.9520833333333333
12,11,0.0009090909090909091,0.9025000000000001,0.8666666666666666,0.8845833333333333
12,12,0.0008333333333333334,0.9025000000000001,0.8666666666666666,0.8845833333333333
